{
  "formatVersion": 1,
  "database": {
    "version": 12,
    "identityHash": "ccc3b9e134705b664d5bc0e4edd52fc9",
    "entities": [
      {
        "tableName": "users",
        "createSql": "CREATE TABLE IF NOT EXISTS `${TABLE_NAME}` (`uid` INTEGER PRIMARY KEY AUTOINCREMENT NOT NULL, `email` TEXT NOT NULL, `password` TEXT NOT NULL, `secQuestion` TEXT NOT NULL, `secAnswerHash` TEXT NOT NULL, `nickname` TEXT NOT NULL, `gender` TEXT NOT NULL, `avatarColor` TEXT NOT NULL, `relationshipStatus` TEXT NOT NULL, `partnerId` INTEGER)",
        "fields": [
          {
            "fieldPath": "uid",
            "columnName": "uid",
            "affinity": "INTEGER",
            "notNull": true
          },
          {
            "fieldPath": "email",
            "columnName": "email",
            "affinity": "TEXT",
            "notNull": true
          },
          {
            "fieldPath": "password",
            "columnName": "password",
            "affinity": "TEXT",
            "notNull": true
          },
          {
            "fieldPath": "secQuestion",
            "columnName": "secQuestion",
            "affinity": "TEXT",
            "notNull": true
          },
          {
            "fieldPath": "secAnswerHash",
            "columnName": "secAnswerHash",
            "affinity": "TEXT",
            "notNull": true
          },
          {
            "fieldPath": "nickname",
            "columnName": "nickname",
            "affinity": "TEXT",
            "notNull": true
          },
          {
            "fieldPath": "gender",
            "columnName": "gender",
            "affinity": "TEXT",
            "notNull": true
          },
          {
            "fieldPath": "avatarColor",
            "columnName": "avatarColor",
            "affinity": "TEXT",
            "notNull": true
          },
          {
            "fieldPath": "relationshipStatus",
            "columnName": "relationshipStatus",
            "affinity": "TEXT",
            "notNull": true
          },
          {
            "fieldPath": "partnerId",
            "columnName": "partnerId",
            "affinity": "INTEGER",
            "notNull": false
          }
        ],
        "primaryKey": {
          "autoGenerate": true,
          "columnNames": [
            "uid"
          ]
        },
        "indices": [],
        "foreignKeys": []
      },
      {
        "tableName": "friends",
        "createSql": "CREATE TABLE IF NOT EXISTS `${TABLE_NAME}` (`id` INTEGER PRIMARY KEY AUTOINCREMENT NOT NULL, `senderId` INTEGER NOT NULL, `receiverId` INTEGER NOT NULL, `status` TEXT NOT NULL, `senderRemark` TEXT, `receiverRemark` TEXT, `createdAt` INTEGER NOT NULL)",
        "fields": [
          {
            "fieldPath": "id",
            "columnName": "id",
            "affinity": "INTEGER",
            "notNull": true
          },
          {
            "fieldPath": "senderId",
            "columnName": "senderId",
            "affinity": "INTEGER",
            "notNull": true
          },
          {
            "fieldPath": "receiverId",
            "columnName": "receiverId",
            "affinity": "INTEGER",
            "notNull": true
          },
          {
            "fieldPath": "status",
            "columnName": "status",
            "affinity": "TEXT",
            "notNull": true
          },
          {
            "fieldPath": "senderRemark",
            "columnName": "senderRemark",
            "affinity": "TEXT",
            "notNull": false
          },
          {
            "fieldPath": "receiverRemark",
            "columnName": "receiverRemark",
            "affinity": "TEXT",
            "notNull": false
          },
          {
            "fieldPath": "createdAt",
            "columnName": "createdAt",
            "affinity": "INTEGER",
            "notNull": true
          }
        ],
        "primaryKey": {
          "autoGenerate": true,
          "columnNames": [
            "id"
          ]
        },
        "indices": [],
        "foreignKeys": []
      },
      {
        "tableName": "couples",
        "createSql": "CREATE TABLE IF NOT EXISTS `${TABLE_NAME}` (`id` INTEGER PRIMARY KEY AUTOINCREMENT NOT NULL, `requesterId` INTEGER NOT NULL, `partnerId` INTEGER NOT NULL, `status` TEXT NOT NULL, `createdAt` INTEGER NOT NULL, `requesterRemark` TEXT, `partnerRemark` TEXT)",
        "fields": [
          {
            "fieldPath": "id",
            "columnName": "id",
            "affinity": "INTEGER",
            "notNull": true
          },
          {
            "fieldPath": "requesterId",
            "columnName": "requesterId",
            "affinity": "INTEGER",
            "notNull": true
          },
          {
            "fieldPath": "partnerId",
            "columnName": "partnerId",
            "affinity": "INTEGER",
            "notNull": true
          },
          {
            "fieldPath": "status",
            "columnName": "status",
            "affinity": "TEXT",
            "notNull": true
          },
          {
            "fieldPath": "createdAt",
            "columnName": "createdAt",
            "affinity": "INTEGER",
            "notNull": true
          },
          {
            "fieldPath": "requesterRemark",
            "columnName": "requesterRemark",
            "affinity": "TEXT",
            "notNull": false
          },
          {
            "fieldPath": "partnerRemark",
            "columnName": "partnerRemark",
            "affinity": "TEXT",
            "notNull": false
          }
        ],
        "primaryKey": {
          "autoGenerate": true,
          "columnNames": [
            "id"
          ]
        },
        "indices": [],
        "foreignKeys": []
      },
      {
        "tableName": "messages",
        "createSql": "CREATE TABLE IF NOT EXISTS `${TABLE_NAME}` (`id` INTEGER PRIMARY KEY AUTOINCREMENT NOT NULL, `senderId` INTEGER NOT NULL, `receiverId` INTEGER NOT NULL, `content` TEXT NOT NULL, `timestamp` INTEGER NOT NULL, `isRead` INTEGER NOT NULL)",
        "fields": [
          {
            "fieldPath": "id",
            "columnName": "id",
            "affinity": "INTEGER",
            "notNull": true
          },
          {
            "fieldPath": "senderId",
            "columnName": "senderId",
            "affinity": "INTEGER",
            "notNull": true
          },
          {
            "fieldPath": "receiverId",
            "columnName": "receiverId",
            "affinity": "INTEGER",
            "notNull": true
          },
          {
            "fieldPath": "content",
            "columnName": "content",
            "affinity": "TEXT",
            "notNull": true
          },
          {
            "fieldPath": "timestamp",
            "columnName": "timestamp",
            "affinity": "INTEGER",
            "notNull": true
          },
          {
            "fieldPath": "isRead",
            "columnName": "isRead",
            "affinity": "INTEGER",
            "notNull": true
          }
        ],
        "primaryKey": {
          "autoGenerate": true,
          "columnNames": [
            "id"
          ]
        },
        "indices": [],
        "foreignKeys": []
      },
      {
        "tableName": "spaces",
        "createSql": "CREATE TABLE IF NOT EXISTS `${TABLE_NAME}` (`id` INTEGER PRIMARY KEY AUTOINCREMENT NOT NULL, `name` TEXT NOT NULL, `type` TEXT NOT NULL, `description` TEXT, `creatorId` INTEGER NOT NULL, `inviteCode` TEXT NOT NULL, `coverColor` TEXT NOT NULL, `createdAt` INTEGER NOT NULL, `status` TEXT NOT NULL)",
        "fields": [
          {
            "fieldPath": "id",
            "columnName": "id",
            "affinity": "INTEGER",
            "notNull": true
          },
          {
            "fieldPath": "name",
            "columnName": "name",
            "affinity": "TEXT",
            "notNull": true
          },
          {
            "fieldPath": "type",
            "columnName": "type",
            "affinity": "TEXT",
            "notNull": true
          },
          {
            "fieldPath": "description",
            "columnName": "description",
            "affinity": "TEXT",
            "notNull": false
          },
          {
            "fieldPath": "creatorId",
            "columnName": "creatorId",
            "affinity": "INTEGER",
            "notNull": true
          },
          {
            "fieldPath": "inviteCode",
            "columnName": "inviteCode",
            "affinity": "TEXT",
            "notNull": true
          },
          {
            "fieldPath": "coverColor",
            "columnName": "coverColor",
            "affinity": "TEXT",
            "notNull": true
          },
          {
            "fieldPath": "createdAt",
            "columnName": "createdAt",
            "affinity": "INTEGER",
            "notNull": true
          },
          {
            "fieldPath": "status",
            "columnName": "status",
            "affinity": "TEXT",
            "notNull": true
          }
        ],
        "primaryKey": {
          "autoGenerate": true,
          "columnNames": [
            "id"
          ]
        },
        "indices": [],
        "foreignKeys": []
      },
      {
        "tableName": "space_members",
        "createSql": "CREATE TABLE IF NOT EXISTS `${TABLE_NAME}` (`id` INTEGER PRIMARY KEY AUTOINCREMENT NOT NULL, `spaceId` INTEGER NOT NULL, `userId` INTEGER NOT NULL, `role` TEXT NOT NULL, `nickname` TEXT, `joinedAt` INTEGER NOT NULL, `status` TEXT NOT NULL)",
        "fields": [
          {
            "fieldPath": "id",
            "columnName": "id",
            "affinity": "INTEGER",
            "notNull": true
          },
          {
            "fieldPath": "spaceId",
            "columnName": "spaceId",
            "affinity": "INTEGER",
            "notNull": true
          },
          {
            "fieldPath": "userId",
            "columnName": "userId",
            "affinity": "INTEGER",
            "notNull": true
          },
          {
            "fieldPath": "role",
            "columnName": "role",
            "affinity": "TEXT",
            "notNull": true
          },
          {
            "fieldPath": "nickname",
            "columnName": "nickname",
            "affinity": "TEXT",
            "notNull": false
          },
          {
            "fieldPath": "joinedAt",
            "columnName": "joinedAt",
            "affinity": "INTEGER",
            "notNull": true
          },
          {
            "fieldPath": "status",
            "columnName": "status",
            "affinity": "TEXT",
            "notNull": true
          }
        ],
        "primaryKey": {
          "autoGenerate": true,
          "columnNames": [
            "id"
          ]
        },
        "indices": [],
        "foreignKeys": []
      },
      {
        "tableName": "space_posts",
        "createSql": "CREATE TABLE IF NOT EXISTS `${TABLE_NAME}` (`id` INTEGER PRIMARY KEY AUTOINCREMENT NOT NULL, `spaceId` INTEGER NOT NULL, `authorId` INTEGER NOT NULL, `content` TEXT NOT NULL, `images` TEXT, `location` TEXT, `timestamp` INTEGER NOT NULL, `likeCount` INTEGER NOT NULL, `commentCount` INTEGER NOT NULL, `status` TEXT NOT NULL)",
        "fields": [
          {
            "fieldPath": "id",
            "columnName": "id",
            "affinity": "INTEGER",
            "notNull": true
          },
          {
            "fieldPath": "spaceId",
            "columnName": "spaceId",
            "affinity": "INTEGER",
            "notNull": true
          },
          {
            "fieldPath": "authorId",
            "columnName": "authorId",
            "affinity": "INTEGER",
            "notNull": true
          },
          {
            "fieldPath": "content",
            "columnName": "content",
            "affinity": "TEXT",
            "notNull": true
          },
          {
            "fieldPath": "images",
            "columnName": "images",
            "affinity": "TEXT",
            "notNull": false
          },
          {
            "fieldPath": "location",
            "columnName": "location",
            "affinity": "TEXT",
            "notNull": false
          },
          {
            "fieldPath": "timestamp",
            "columnName": "timestamp",
            "affinity": "INTEGER",
            "notNull": true
          },
          {
            "fieldPath": "likeCount",
            "columnName": "likeCount",
            "affinity": "INTEGER",
            "notNull": true
          },
          {
            "fieldPath": "commentCount",
            "columnName": "commentCount",
            "affinity": "INTEGER",
            "notNull": true
          },
          {
            "fieldPath": "status",
            "columnName": "status",
            "affinity": "TEXT",
            "notNull": true
          }
        ],
        "primaryKey": {
          "autoGenerate": true,
          "columnNames": [
            "id"
          ]
        },
        "indices": [],
        "foreignKeys": []
      },
      {
        "tableName": "post_likes",
        "createSql": "CREATE TABLE IF NOT EXISTS `${TABLE_NAME}` (`id` INTEGER PRIMARY KEY AUTOINCREMENT NOT NULL, `postId` INTEGER NOT NULL, `userId` INTEGER NOT NULL, `timestamp` INTEGER NOT NULL)",
        "fields": [
          {
            "fieldPath": "id",
            "columnName": "id",
            "affinity": "INTEGER",
            "notNull": true
          },
          {
            "fieldPath": "postId",
            "columnName": "postId",
            "affinity": "INTEGER",
            "notNull": true
          },
          {
            "fieldPath": "userId",
            "columnName": "userId",
            "affinity": "INTEGER",
            "notNull": true
          },
          {
            "fieldPath": "timestamp",
            "columnName": "timestamp",
            "affinity": "INTEGER",
            "notNull": true
          }
        ],
        "primaryKey": {
          "autoGenerate": true,
          "columnNames": [
            "id"
          ]
        },
        "indices": [],
        "foreignKeys": []
      },
      {
        "tableName": "post_comments",
        "createSql": "CREATE TABLE IF NOT EXISTS `${TABLE_NAME}` (`id` INTEGER PRIMARY KEY AUTOINCREMENT NOT NULL, `postId` INTEGER NOT NULL, `authorId` INTEGER NOT NULL, `content` TEXT NOT NULL, `audioPath` TEXT, `audioDuration` INTEGER, `replyToUserId` INTEGER, `timestamp` INTEGER NOT NULL, `status` TEXT NOT NULL)",
        "fields": [
          {
            "fieldPath": "id",
            "columnName": "id",
            "affinity": "INTEGER",
            "notNull": true
          },
          {
            "fieldPath": "postId",
            "columnName": "postId",
            "affinity": "INTEGER",
            "notNull": true
          },
          {
            "fieldPath": "authorId",
            "columnName": "authorId",
            "affinity": "INTEGER",
            "notNull": true
          },
          {
            "fieldPath": "content",
            "columnName": "content",
            "affinity": "TEXT",
            "notNull": true
          },
          {
            "fieldPath": "audioPath",
            "columnName": "audioPath",
            "affinity": "TEXT",
            "notNull": false
          },
          {
            "fieldPath": "audioDuration",
            "columnName": "audioDuration",
            "affinity": "INTEGER",
            "notNull": false
          },
          {
            "fieldPath": "replyToUserId",
            "columnName": "replyToUserId",
            "affinity": "INTEGER",
            "notNull": false
          },
          {
            "fieldPath": "timestamp",
            "columnName": "timestamp",
            "affinity": "INTEGER",
            "notNull": true
          },
          {
            "fieldPath": "status",
            "columnName": "status",
            "affinity": "TEXT",
            "notNull": true
          }
        ],
        "primaryKey": {
          "autoGenerate": true,
          "columnNames": [
            "id"
          ]
        },
        "indices": [],
        "foreignKeys": []
      },
      {
        "tableName": "post_favorites",
        "createSql": "CREATE TABLE IF NOT EXISTS `${TABLE_NAME}` (`id` INTEGER PRIMARY KEY AUTOINCREMENT NOT NULL, `userId` INTEGER NOT NULL, `postId` INTEGER NOT NULL, `timestamp` INTEGER NOT NULL, `note` TEXT)",
        "fields": [
          {
            "fieldPath": "id",
            "columnName": "id",
            "affinity": "INTEGER",
            "notNull": true
          },
          {
            "fieldPath": "userId",
            "columnName": "userId",
            "affinity": "INTEGER",
            "notNull": true
          },
          {
            "fieldPath": "postId",
            "columnName": "postId",
            "affinity": "INTEGER",
            "notNull": true
          },
          {
            "fieldPath": "timestamp",
            "columnName": "timestamp",
            "affinity": "INTEGER",
            "notNull": true
          },
          {
            "fieldPath": "note",
            "columnName": "note",
            "affinity": "TEXT",
            "notNull": false
          }
        ],
        "primaryKey": {
          "autoGenerate": true,
          "columnNames": [
            "id"
          ]
        },
        "indices": [],
        "foreignKeys": []
      },
      {
        "tableName": "media_attachments",
        "createSql": "CREATE TABLE IF NOT EXISTS `${TABLE_NAME}` (`id` INTEGER PRIMARY KEY AUTOINCREMENT NOT NULL, `ownerType` TEXT NOT NULL, `ownerId` INTEGER NOT NULL, `type` TEXT NOT NULL, `uri` TEXT NOT NULL, `duration` INTEGER, `extra` TEXT, `createdAt` INTEGER NOT NULL)",
        "fields": [
          {
            "fieldPath": "id",
            "columnName": "id",
            "affinity": "INTEGER",
            "notNull": true
          },
          {
            "fieldPath": "ownerType",
            "columnName": "ownerType",
            "affinity": "TEXT",
            "notNull": true
          },
          {
            "fieldPath": "ownerId",
            "columnName": "ownerId",
            "affinity": "INTEGER",
            "notNull": true
          },
          {
            "fieldPath": "type",
            "columnName": "type",
            "affinity": "TEXT",
            "notNull": true
          },
          {
            "fieldPath": "uri",
            "columnName": "uri",
            "affinity": "TEXT",
            "notNull": true
          },
          {
            "fieldPath": "duration",
            "columnName": "duration",
            "affinity": "INTEGER",
            "notNull": false
          },
          {
            "fieldPath": "extra",
            "columnName": "extra",
            "affinity": "TEXT",
            "notNull": false
          },
          {
            "fieldPath": "createdAt",
            "columnName": "createdAt",
            "affinity": "INTEGER",
            "notNull": true
          }
        ],
        "primaryKey": {
          "autoGenerate": true,
          "columnNames": [
            "id"
          ]
        },
        "indices": [
          {
            "name": "index_media_attachments_ownerType_ownerId",
            "unique": false,
            "columnNames": [
              "ownerType",
              "ownerId"
            ],
            "orders": [],
            "createSql": "CREATE INDEX IF NOT EXISTS `index_media_attachments_ownerType_ownerId` ON `${TABLE_NAME}` (`ownerType`, `ownerId`)"
          }
        ],
        "foreignKeys": []
      },
      {
        "tableName": "anniversaries",
        "createSql": "CREATE TABLE IF NOT EXISTS `${TABLE_NAME}` (`id` INTEGER PRIMARY KEY AUTOINCREMENT NOT NULL, `spaceId` INTEGER NOT NULL, `name` TEXT NOT NULL, `dateMillis` INTEGER NOT NULL, `style` TEXT NOT NULL, `creatorUserId` INTEGER NOT NULL, `status` TEXT NOT NULL, `createdAt` INTEGER NOT NULL)",
        "fields": [
          {
            "fieldPath": "id",
            "columnName": "id",
            "affinity": "INTEGER",
            "notNull": true
          },
          {
            "fieldPath": "spaceId",
            "columnName": "spaceId",
            "affinity": "INTEGER",
            "notNull": true
          },
          {
            "fieldPath": "name",
            "columnName": "name",
            "affinity": "TEXT",
            "notNull": true
          },
          {
            "fieldPath": "dateMillis",
            "columnName": "dateMillis",
            "affinity": "INTEGER",
            "notNull": true
          },
          {
            "fieldPath": "style",
            "columnName": "style",
            "affinity": "TEXT",
            "notNull": true
          },
          {
            "fieldPath": "creatorUserId",
            "columnName": "creatorUserId",
            "affinity": "INTEGER",
            "notNull": true
          },
          {
            "fieldPath": "status",
            "columnName": "status",
            "affinity": "TEXT",
            "notNull": true
          },
          {
            "fieldPath": "createdAt",
            "columnName": "createdAt",
            "affinity": "INTEGER",
            "notNull": true
          }
        ],
        "primaryKey": {
          "autoGenerate": true,
          "columnNames": [
            "id"
          ]
        },
        "indices": [],
        "foreignKeys": []
      }
    ],
    "views": [],
    "setupQueries": [
      "CREATE TABLE IF NOT EXISTS room_master_table (id INTEGER PRIMARY KEY,identity_hash TEXT)",
      "INSERT OR REPLACE INTO room_master_table (id,identity_hash) VALUES(42, 'ccc3b9e134705b664d5bc0e4edd52fc9')"
    ]
  }
}