{
  "formatVersion": 1,
  "database": {
    "version": 2,
    "identityHash": "0a5324b72eb64fe77eb411b7bf82cc32",
    "entities": [
      {
        "tableName": "users",
        "createSql": "CREATE TABLE IF NOT EXISTS `${TABLE_NAME}` (`uid` INTEGER PRIMARY KEY AUTOINCREMENT NOT NULL, `email` TEXT NOT NULL, `password` TEXT NOT NULL, `secQuestion` TEXT NOT NULL, `secAnswerHash` TEXT NOT NULL)",
        "fields": [
          {
            "fieldPath": "uid",
            "columnName": "uid",
            "affinity": "INTEGER",
            "notNull": true
          },
          {
            "fieldPath": "email",
            "columnName": "email",
            "affinity": "TEXT",
            "notNull": true
          },
          {
            "fieldPath": "password",
            "columnName": "password",
            "affinity": "TEXT",
            "notNull": true
          },
          {
            "fieldPath": "secQuestion",
            "columnName": "secQuestion",
            "affinity": "TEXT",
            "notNull": true
          },
          {
            "fieldPath": "secAnswerHash",
            "columnName": "secAnswerHash",
            "affinity": "TEXT",
            "notNull": true
          }
        ],
        "primaryKey": {
          "autoGenerate": true,
          "columnNames": [
            "uid"
          ]
        },
        "indices": [],
        "foreignKeys": []
      }
    ],
    "views": [],
    "setupQueries": [
      "CREATE TABLE IF NOT EXISTS room_master_table (id INTEGER PRIMARY KEY,identity_hash TEXT)",
      "INSERT OR REPLACE INTO room_master_table (id,identity_hash) VALUES(42, '0a5324b72eb64fe77eb411b7bf82cc32')"
    ]
  }
}