{
  "formatVersion": 1,
  "database": {
    "version": 7,
    "identityHash": "b29af0caaeb62336e18fa8a147ff5fbe",
    "entities": [
      {
        "tableName": "users",
        "createSql": "CREATE TABLE IF NOT EXISTS `${TABLE_NAME}` (`uid` INTEGER PRIMARY KEY AUTOINCREMENT NOT NULL, `email` TEXT NOT NULL, `password` TEXT NOT NULL, `secQuestion` TEXT NOT NULL, `secAnswerHash` TEXT NOT NULL, `nickname` TEXT NOT NULL, `gender` TEXT NOT NULL, `avatarColor` TEXT NOT NULL, `relationshipStatus` TEXT NOT NULL, `partnerId` INTEGER)",
        "fields": [
          {
            "fieldPath": "uid",
            "columnName": "uid",
            "affinity": "INTEGER",
            "notNull": true
          },
          {
            "fieldPath": "email",
            "columnName": "email",
            "affinity": "TEXT",
            "notNull": true
          },
          {
            "fieldPath": "password",
            "columnName": "password",
            "affinity": "TEXT",
            "notNull": true
          },
          {
            "fieldPath": "secQuestion",
            "columnName": "secQuestion",
            "affinity": "TEXT",
            "notNull": true
          },
          {
            "fieldPath": "secAnswerHash",
            "columnName": "secAnswerHash",
            "affinity": "TEXT",
            "notNull": true
          },
          {
            "fieldPath": "nickname",
            "columnName": "nickname",
            "affinity": "TEXT",
            "notNull": true
          },
          {
            "fieldPath": "gender",
            "columnName": "gender",
            "affinity": "TEXT",
            "notNull": true
          },
          {
            "fieldPath": "avatarColor",
            "columnName": "avatarColor",
            "affinity": "TEXT",
            "notNull": true
          },
          {
            "fieldPath": "relationshipStatus",
            "columnName": "relationshipStatus",
            "affinity": "TEXT",
            "notNull": true
          },
          {
            "fieldPath": "partnerId",
            "columnName": "partnerId",
            "affinity": "INTEGER",
            "notNull": false
          }
        ],
        "primaryKey": {
          "autoGenerate": true,
          "columnNames": [
            "uid"
          ]
        },
        "indices": [],
        "foreignKeys": []
      },
      {
        "tableName": "friends",
        "createSql": "CREATE TABLE IF NOT EXISTS `${TABLE_NAME}` (`id` INTEGER PRIMARY KEY AUTOINCREMENT NOT NULL, `senderId` INTEGER NOT NULL, `receiverId` INTEGER NOT NULL, `status` TEXT NOT NULL, `senderRemark` TEXT, `receiverRemark` TEXT, `createdAt` INTEGER NOT NULL)",
        "fields": [
          {
            "fieldPath": "id",
            "columnName": "id",
            "affinity": "INTEGER",
            "notNull": true
          },
          {
            "fieldPath": "senderId",
            "columnName": "senderId",
            "affinity": "INTEGER",
            "notNull": true
          },
          {
            "fieldPath": "receiverId",
            "columnName": "receiverId",
            "affinity": "INTEGER",
            "notNull": true
          },
          {
            "fieldPath": "status",
            "columnName": "status",
            "affinity": "TEXT",
            "notNull": true
          },
          {
            "fieldPath": "senderRemark",
            "columnName": "senderRemark",
            "affinity": "TEXT",
            "notNull": false
          },
          {
            "fieldPath": "receiverRemark",
            "columnName": "receiverRemark",
            "affinity": "TEXT",
            "notNull": false
          },
          {
            "fieldPath": "createdAt",
            "columnName": "createdAt",
            "affinity": "INTEGER",
            "notNull": true
          }
        ],
        "primaryKey": {
          "autoGenerate": true,
          "columnNames": [
            "id"
          ]
        },
        "indices": [],
        "foreignKeys": []
      },
      {
        "tableName": "couples",
        "createSql": "CREATE TABLE IF NOT EXISTS `${TABLE_NAME}` (`id` INTEGER PRIMARY KEY AUTOINCREMENT NOT NULL, `requesterId` INTEGER NOT NULL, `partnerId` INTEGER NOT NULL, `status` TEXT NOT NULL, `createdAt` INTEGER NOT NULL, `requesterRemark` TEXT, `partnerRemark` TEXT)",
        "fields": [
          {
            "fieldPath": "id",
            "columnName": "id",
            "affinity": "INTEGER",
            "notNull": true
          },
          {
            "fieldPath": "requesterId",
            "columnName": "requesterId",
            "affinity": "INTEGER",
            "notNull": true
          },
          {
            "fieldPath": "partnerId",
            "columnName": "partnerId",
            "affinity": "INTEGER",
            "notNull": true
          },
          {
            "fieldPath": "status",
            "columnName": "status",
            "affinity": "TEXT",
            "notNull": true
          },
          {
            "fieldPath": "createdAt",
            "columnName": "createdAt",
            "affinity": "INTEGER",
            "notNull": true
          },
          {
            "fieldPath": "requesterRemark",
            "columnName": "requesterRemark",
            "affinity": "TEXT",
            "notNull": false
          },
          {
            "fieldPath": "partnerRemark",
            "columnName": "partnerRemark",
            "affinity": "TEXT",
            "notNull": false
          }
        ],
        "primaryKey": {
          "autoGenerate": true,
          "columnNames": [
            "id"
          ]
        },
        "indices": [],
        "foreignKeys": []
      },
      {
        "tableName": "messages",
        "createSql": "CREATE TABLE IF NOT EXISTS `${TABLE_NAME}` (`id` INTEGER PRIMARY KEY AUTOINCREMENT NOT NULL, `senderId` INTEGER NOT NULL, `receiverId` INTEGER NOT NULL, `content` TEXT NOT NULL, `timestamp` INTEGER NOT NULL, `isRead` INTEGER NOT NULL)",
        "fields": [
          {
            "fieldPath": "id",
            "columnName": "id",
            "affinity": "INTEGER",
            "notNull": true
          },
          {
            "fieldPath": "senderId",
            "columnName": "senderId",
            "affinity": "INTEGER",
            "notNull": true
          },
          {
            "fieldPath": "receiverId",
            "columnName": "receiverId",
            "affinity": "INTEGER",
            "notNull": true
          },
          {
            "fieldPath": "content",
            "columnName": "content",
            "affinity": "TEXT",
            "notNull": true
          },
          {
            "fieldPath": "timestamp",
            "columnName": "timestamp",
            "affinity": "INTEGER",
            "notNull": true
          },
          {
            "fieldPath": "isRead",
            "columnName": "isRead",
            "affinity": "INTEGER",
            "notNull": true
          }
        ],
        "primaryKey": {
          "autoGenerate": true,
          "columnNames": [
            "id"
          ]
        },
        "indices": [],
        "foreignKeys": []
      }
    ],
    "views": [],
    "setupQueries": [
      "CREATE TABLE IF NOT EXISTS room_master_table (id INTEGER PRIMARY KEY,identity_hash TEXT)",
      "INSERT OR REPLACE INTO room_master_table (id,identity_hash) VALUES(42, 'b29af0caaeb62336e18fa8a147ff5fbe')"
    ]
  }
}